{
  "unlearn_corpus": "bookcorpus",
  "unlearn_steps": 2000,
  "mask_ratio": 0.15,
  "base_results": {
    "bookcorpus": {
      "accuracy": 0.5015515685081482,
      "top5_accuracy": 0.6836048616498578
    },
    "stackexchange": {
      "accuracy": 0.35893458127975464,
      "top5_accuracy": 0.5146754590121542
    },
    "ccnewsv2": {
      "accuracy": 0.3309412896633148,
      "top5_accuracy": 0.48616498577708817
    },
    "gutenberg": {
      "accuracy": 0.4184122085571289,
      "top5_accuracy": 0.6024696146883889
    },
    "hackernews": {
      "accuracy": 0.4141453206539154,
      "top5_accuracy": 0.5647142487716577
    },
    "openwebtext": {
      "accuracy": 0.3604861795902252,
      "top5_accuracy": 0.5272821308507887
    },
    "pilecc": {
      "accuracy": 0.33288079500198364,
      "top5_accuracy": 0.49754331523144557
    },
    "wikipedia": {
      "accuracy": 0.35802948474884033,
      "top5_accuracy": 0.5035557279544867
    }
  },
  "unlearned_results": {
    "bookcorpus": {
      "accuracy": 0.0546935610473156,
      "top5_accuracy": 0.07441168864753038
    },
    "stackexchange": {
      "accuracy": 0.001292992033995688,
      "top5_accuracy": 0.05404706490819757
    },
    "ccnewsv2": {
      "accuracy": 0.0008404448162764311,
      "top5_accuracy": 0.024178950090509438
    },
    "gutenberg": {
      "accuracy": 0.0,
      "top5_accuracy": 0.023403154900439618
    },
    "hackernews": {
      "accuracy": 0.0007757951971143484,
      "top5_accuracy": 0.02230411171450737
    },
    "openwebtext": {
      "accuracy": 0.0005171967786736786,
      "top5_accuracy": 0.01790793897077838
    },
    "pilecc": {
      "accuracy": 0.0014222911559045315,
      "top5_accuracy": 0.020364623739332816
    },
    "wikipedia": {
      "accuracy": 0.0014222911559045315,
      "top5_accuracy": 0.025407292474786656
    }
  },
  "delta": {
    "bookcorpus": {
      "accuracy": -0.4468580074608326,
      "top5_accuracy": -0.6091931730023274
    },
    "stackexchange": {
      "accuracy": -0.35764158924575895,
      "top5_accuracy": -0.4606283941039566
    },
    "ccnewsv2": {
      "accuracy": -0.3301008448470384,
      "top5_accuracy": -0.4619860356865787
    },
    "gutenberg": {
      "accuracy": -0.4184122085571289,
      "top5_accuracy": -0.5790664597879492
    },
    "hackernews": {
      "accuracy": -0.41336952545680106,
      "top5_accuracy": -0.5424101370571502
    },
    "openwebtext": {
      "accuracy": -0.35996898281155154,
      "top5_accuracy": -0.5093741918800103
    },
    "pilecc": {
      "accuracy": -0.3314585038460791,
      "top5_accuracy": -0.4771786914921128
    },
    "wikipedia": {
      "accuracy": -0.3566071935929358,
      "top5_accuracy": -0.4781484354797
    }
  },
  "examples_unlearned": [
    {
      "original": "<s>usually,he_would_betearingaroundthelivingroom,playingwithhistoys.<s>butjust_one_look_at_amin_ion_senthim_pract_icallycatatonic.<s>_that_hadbeenmegan'splanwhenshegothim_dressed_earlier.<s>he'dseenthemovie_almost_bymistake,consideringhewasalittleyoungforthepgcartoon,but_with_oldercous",
      "before": "<s>usually,hewouldbetearingaroundthelivingroom,playingwithhistoys.<s>butjust[a]look[like]amin[ing]senthimpracticallycatatonic.<s>[he]hadbeenmegan'splanwhenshegothim[out]earlier.<s>he'dseenthemovie[,]bymistake,consideringhewasalittleyoungforthepgcartoon,but[the]oldercous",
      "after": "<s>usually,he[<s>]betearingaroundthelivingroom,playingwithhistoys.<s>butjust[<s>]look[<s>]amin[<s>]senthim[<s>]icallycatatonic.<s>[<s>]hadbeenmegan'splanwhenshegothim[<s>]earlier.<s>he'dseenthemovie[<s>]bymistake,consideringhewasalittleyoungforthepgcartoon,but[<s>]oldercous",
      "masked_positions": 9,
      "correct_before": 2,
      "correct_after": 0
    },
    {
      "original": ".''<s>when_they_made_it_to_the_kitchen,meganpausedtocatchherbreath.<s>_she_onlyhadasecondbefore_her__mother__b_reezedinwithsean,and_her_young_est_brother,gavin.<s>feelinglike_she__was__once_againa_te__en_ager,shefiled_behind_herparents_as_theyheadedintothegarage.<s>``iwantto_drive_,",
      "before": ".''<s>when[she]made[her]tothekitchen,meganpausedtocatchherbreath.<s>sheonlyhadasecondbefore[the][was]breezedinwithsean,andheryoung[,]brother,gavin.<s>feelinglike[a]was[and]againa[little][w]ager,shefiled[with]herparentsastheyheadedintothegarage.<s>``iwantto[go],",
      "after": ".''<s>when[<s>]made[<s>]to[<s>]kitchen,meganpausedtocatchherbreath.<s>[<s>]onlyhadasecondbefore[<s>][<s>][<s>]reezedinwithsean,and[<s>]young[<s>]brother,gavin.<s>feelinglike[<s>][<s>][<s>]againa[<s>][<s>]ager,shefiled[<s>]herparents[<s>]theyheadedintothegarage.<s>``iwantto[<s>],",
      "masked_positions": 17,
      "correct_before": 6,
      "correct_after": 0
    },
    {
      "original": "churchalcove,sheby_pass_edeveryonebyturningrightandheadingdownthehallway.<s>atthelast_door_ontheright,sheknocked.<s>``_it_'sme,megan.''_<s>_emma_'_s_best_friend,_case_y,answered_the_door.<s>``well_,_ifitisn_'_tthefairy_god_mother,''shemusedwith",
      "before": "churchalcove,sheby[head]edeveryonebyturningrightandheadingdownthehallway.<s>atthelast[time]ontheright,sheknocked.<s>``[that]'sme,megan.''<s>emma's[little]friend,[he]y,answeredthedoor.<s>``well,ifitisn'tthefairy[-]mother,''shemusedwith",
      "after": "churchalcove,sheby[<s>]edeveryonebyturningrightandheadingdownthehallway.<s>atthelast[<s>]ontheright,sheknocked.<s>``[<s>]'sme,megan.''<s>emma[<s>]s[<s>]friend,[<s>]y,answered[<s>]door.<s>``well[<s>]ifitisn[<s>]tthefairy[<s>]mother,''shemusedwith",
      "masked_positions": 11,
      "correct_before": 5,
      "correct_after": 1
    }
  ],
  "examples_retained": [
    {
      "original": "<s>Q:\n_\n_WhywasMundungusbannedfromtheHog'sHead?\n\n_In_Order_of_thePhoenix_while_thetri_o_wereintheHogsHead_for_thefirsttimeplottingthestartofDumbledore_'_sArmy,ittranspiresthatol_'_Dungwaslurkinginthepubinadisguise,having_been_banned",
      "before": "<s>Q:\n\nWhywasMundungusbannedfromtheHog'sHead?\n\n[The]OrderofthePhoenix[and]thetri[als]wereintheHogsHeadforthefirsttimeplottingthestartofDumbledore'sArmy,ittranspiresthatol'Dungwaslurkinginthepubinadisguise,havingbeenbanned",
      "after": "<s>Q:\n[<s>]WhywasMundungusbannedfromtheHog'sHead?\n\n[<s>]Order[<s>]thePhoenix[<s>]thetri[<s>]wereintheHogsHead[<s>]thefirsttimeplottingthestartofDumbledore[<s>]sArmy,ittranspiresthatol[<s>]Dungwaslurkinginthepubinadisguise,having[<s>]banned",
      "masked_positions": 9,
      "correct_before": 6,
      "correct_after": 0
    },
    {
      "original": "allmyshellscript_ing_in_python_._\n_It'seasiertoread,morepowerfulandworks_on_windowsaswell.\n_\n__A__:_\n\nYoucouldjusttakethebase_name_as_an_argumentanduse$1.Rnw_,__$__1_.tex_,__and_$1.pdf._Python_isgreat_for_shellscripts,butIusuallystickwithbashforthingslessthan__1",
      "before": "allmyshellscript[s]in[it].\nIt'seasiertoread,morepowerfulandworks[in]windowsaswell.\n\nA:\n\nYoucouldjusttakethebase[such]asanargumentanduse$1.Rnw[.][]1.tex[.][for]$1.pdf.[This]isgreatforshellscripts,butIusuallystickwithbashforthingslessthan1",
      "after": "allmyshellscript[<s>]in[<s>].[<s>]It'seasiertoread,morepowerfulandworks[<s>]windowsaswell.\n[<s>][<s>][<s>]\n\nYoucouldjusttakethebase[<s>]as[<s>]argumentanduse$1.Rnw[<s>][<s>][<s>].tex[<s>][<s>]$1.pdf.[<s>]isgreat[<s>]shellscripts,butIusuallystickwithbashforthingslessthan[<s>]1",
      "masked_positions": 17,
      "correct_before": 8,
      "correct_after": 0
    }
  ]
}