{
  "unlearn_corpus": "bookcorpus",
  "unlearn_steps": 10000,
  "mask_ratio": 0.15,
  "base_results": {
    "bookcorpus": {
      "accuracy": 0.9118179678916931,
      "top5_accuracy": 0.9339927592448927
    },
    "stackexchange": {
      "accuracy": 0.8992758989334106,
      "top5_accuracy": 0.9202223946211533
    },
    "ccnewsv2": {
      "accuracy": 0.8987587094306946,
      "top5_accuracy": 0.9172485130592191
    },
    "gutenberg": {
      "accuracy": 0.9071632027626038,
      "top5_accuracy": 0.9264934057408845
    },
    "hackernews": {
      "accuracy": 0.9072924852371216,
      "top5_accuracy": 0.9251357641582623
    },
    "openwebtext": {
      "accuracy": 0.9015386700630188,
      "top5_accuracy": 0.9206749418153607
    },
    "pilecc": {
      "accuracy": 0.899017333984375,
      "top5_accuracy": 0.9156969226790794
    },
    "wikipedia": {
      "accuracy": 0.9006335735321045,
      "top5_accuracy": 0.9169252650633566
    }
  },
  "unlearned_results": {
    "bookcorpus": {
      "accuracy": 0.0,
      "top5_accuracy": 0.0
    },
    "stackexchange": {
      "accuracy": 0.0,
      "top5_accuracy": 6.464959917248513e-05
    },
    "ccnewsv2": {
      "accuracy": 0.0,
      "top5_accuracy": 0.0
    },
    "gutenberg": {
      "accuracy": 0.0,
      "top5_accuracy": 0.0
    },
    "hackernews": {
      "accuracy": 0.0,
      "top5_accuracy": 0.0
    },
    "openwebtext": {
      "accuracy": 0.0,
      "top5_accuracy": 6.464959917248513e-05
    },
    "pilecc": {
      "accuracy": 0.0,
      "top5_accuracy": 0.0
    },
    "wikipedia": {
      "accuracy": 0.0,
      "top5_accuracy": 0.0
    }
  },
  "delta": {
    "bookcorpus": {
      "accuracy": -0.9118179678916931,
      "top5_accuracy": -0.9339927592448927
    },
    "stackexchange": {
      "accuracy": -0.8992758989334106,
      "top5_accuracy": -0.9201577450219808
    },
    "ccnewsv2": {
      "accuracy": -0.8987587094306946,
      "top5_accuracy": -0.9172485130592191
    },
    "gutenberg": {
      "accuracy": -0.9071632027626038,
      "top5_accuracy": -0.9264934057408845
    },
    "hackernews": {
      "accuracy": -0.9072924852371216,
      "top5_accuracy": -0.9251357641582623
    },
    "openwebtext": {
      "accuracy": -0.9015386700630188,
      "top5_accuracy": -0.9206102922161882
    },
    "pilecc": {
      "accuracy": -0.899017333984375,
      "top5_accuracy": -0.9156969226790794
    },
    "wikipedia": {
      "accuracy": -0.9006335735321045,
      "top5_accuracy": -0.9169252650633566
    }
  },
  "examples_unlearned": [
    {
      "original": "<s>usually,he_would_betearingaroundthelivingroom,playingwithhistoys.<s>butjust_one_look_at_amin_ion_senthim_pract_icallycatatonic.<s>_that_hadbeenmegan'splanwhenshegothim_dressed_earlier.<s>he'dseenthemovie_almost_bymistake,consideringhewasalittleyoungforthepgcartoon,but_with_oldercous",
      "before": "<s>usually,hewouldbetearingaroundthelivingroom,playingwithhistoys.<s>butjust[a]look[in]amin[ing]senthim[sh]icallycatatonic.<s>[he]hadbeenmegan'splanwhenshegothim[to]earlier.<s>he'dseenthemovie[,]bymistake,consideringhewasalittleyoungforthepgcartoon,but[the]oldercous",
      "after": "<s>usually,he[\u751f]betearingaroundthelivingroom,playingwithhistoys.<s>butjust[\u751f]look[\u751f]amin[\u751f]senthim[\u751f]icallycatatonic.<s>[\u751f]hadbeenmegan'splanwhenshegothim[\u751f]earlier.<s>he'dseenthemovie[\u751f]bymistake,consideringhewasalittleyoungforthepgcartoon,but[\u751f]oldercous",
      "masked_positions": 9,
      "correct_before": 1,
      "correct_after": 0
    },
    {
      "original": ".''<s>when_they_made_it_to_the_kitchen,meganpausedtocatchherbreath.<s>_she_onlyhadasecondbefore_her__mother__b_reezedinwithsean,and_her_young_est_brother,gavin.<s>feelinglike_she__was__once_againa_te__en_ager,shefiled_behind_herparents_as_theyheadedintothegarage.<s>``iwantto_drive_,",
      "before": ".''<s>when[he]made[him]tothekitchen,meganpausedtocatchherbreath.<s>[the]onlyhadasecondbefore[,][,][-]reezedinwithsean,and[a]young[her]brother,gavin.<s>feelinglike[a][,][ed]againa[few][of]ager,shefiled[in]herparents[,]theyheadedintothegarage.<s>``iwantto[be],",
      "after": ".''<s>when[\u751f]made[\u751f]to[\u751f]kitchen,meganpausedtocatchherbreath.<s>[\u751f]onlyhadasecondbefore[\u751f][\u751f][\u751f]reezedinwithsean,and[\u751f]young[\u751f]brother,gavin.<s>feelinglike[\u751f][\u751f][\u751f]againa[\u751f][\u751f]ager,shefiled[\u751f]herparents[\u751f]theyheadedintothegarage.<s>``iwantto[\u751f],",
      "masked_positions": 17,
      "correct_before": 1,
      "correct_after": 0
    },
    {
      "original": "churchalcove,sheby_pass_edeveryonebyturningrightandheadingdownthehallway.<s>atthelast_door_ontheright,sheknocked.<s>``_it_'sme,megan.''_<s>_emma_'_s_best_friend,_case_y,answered_the_door.<s>``well_,_ifitisn_'_tthefairy_god_mother,''shemusedwith",
      "before": "churchalcove,sheby[-]edeveryonebyturningrightandheadingdownthehallway.<s>atthelast[time]ontheright,sheknocked.<s>``it'sme,megan.''<s>emma's[a]friend,[sh]y,answeredthedoor.<s>``well,ifitisn'tthefairy[']mother,''shemusedwith",
      "after": "churchalcove,sheby[\u751f]edeveryonebyturningrightandheadingdownthehallway.<s>atthelast[\u751f]ontheright,sheknocked.<s>``[\u751f]'sme,megan.''[\u751f]emma[\u751f]s[\u751f]friend,[\u751f]y,answered[\u751f]door.<s>``well[\u751f]ifitisn[\u751f]tthefairy[\u751f]mother,''shemusedwith",
      "masked_positions": 11,
      "correct_before": 6,
      "correct_after": 0
    }
  ],
  "examples_retained": [
    {
      "original": "<s>Q:\n_\n_WhywasMundungusbannedfromtheHog'sHead?\n\n_In_Order_of_thePhoenix_while_thetri_o_wereintheHogsHead_for_thefirsttimeplottingthestartofDumbledore_'_sArmy,ittranspiresthatol_'_Dungwaslurkinginthepubinadisguise,having_been_banned",
      "before": "<s>Q:\n\nWhywasMundungusbannedfromtheHog'sHead?\n\n[The]OrderofthePhoenix[of]thetri[s]wereintheHogsHead[,]thefirsttimeplottingthestartofDumbledore'sArmy,ittranspiresthatol[.]Dungwaslurkinginthepubinadisguise,having[a]banned",
      "after": "<s>Q:\n[\u751f]WhywasMundungusbannedfromtheHog'sHead?\n\n[\u751f]Order[\u751f]thePhoenix[\u751f]thetri[\u751f]wereintheHogsHead[\u751f]thefirsttimeplottingthestartofDumbledore[\u751f]sArmy,ittranspiresthatol[\u751f]Dungwaslurkinginthepubinadisguise,having[\u751f]banned",
      "masked_positions": 9,
      "correct_before": 3,
      "correct_after": 0
    },
    {
      "original": "allmyshellscript_ing_in_python_._\n_It'seasiertoread,morepowerfulandworks_on_windowsaswell.\n_\n__A__:_\n\nYoucouldjusttakethebase_name_as_an_argumentanduse$1.Rnw_,__$__1_.tex_,__and_$1.pdf._Python_isgreat_for_shellscripts,butIusuallystickwithbashforthingslessthan__1",
      "before": "allmyshellscript[is]in[it].\nIt'seasiertoread,morepowerfulandworks[a]windowsaswell.\n\n[~~]:\n\nYoucouldjusttakethebase[,]as[a]argumentanduse$1.Rnw[.][\n][it].tex[\n][of]$1.pdf.[It]isgreat[a]shellscripts,butIusuallystickwithbashforthingslessthan[$]1",
      "after": "allmyshellscript[\u751f]in[\u751f].[\u751f]It'seasiertoread,morepowerfulandworks[\u751f]windowsaswell.\n[\u751f][\u751f][\u751f]\n\nYoucouldjusttakethebase[\u751f]as[\u751f]argumentanduse$1.Rnw[\u751f][\u751f][\u751f].tex[\u751f][\u751f]$1.pdf.[\u751f]isgreat[\u751f]shellscripts,butIusuallystickwithbashforthingslessthan[\u751f]1",
      "masked_positions": 17,
      "correct_before": 3,
      "correct_after": 0
    }
  ]
}