{
  "unlearn_corpus": "hackernews",
  "unlearn_steps": 10000,
  "mask_ratio": 0.15,
  "base_results": {
    "bookcorpus": {
      "accuracy": 0.9118179678916931,
      "top5_accuracy": 0.9339927592448927
    },
    "stackexchange": {
      "accuracy": 0.8992758989334106,
      "top5_accuracy": 0.9202223946211533
    },
    "ccnewsv2": {
      "accuracy": 0.8987587094306946,
      "top5_accuracy": 0.9172485130592191
    },
    "gutenberg": {
      "accuracy": 0.9071632027626038,
      "top5_accuracy": 0.9264934057408845
    },
    "hackernews": {
      "accuracy": 0.9072924852371216,
      "top5_accuracy": 0.9251357641582623
    },
    "openwebtext": {
      "accuracy": 0.9015386700630188,
      "top5_accuracy": 0.9206749418153607
    },
    "pilecc": {
      "accuracy": 0.899017333984375,
      "top5_accuracy": 0.9156969226790794
    },
    "wikipedia": {
      "accuracy": 0.9006335735321045,
      "top5_accuracy": 0.9169252650633566
    }
  },
  "unlearned_results": {
    "bookcorpus": {
      "accuracy": 0.0,
      "top5_accuracy": 0.0
    },
    "stackexchange": {
      "accuracy": 0.0,
      "top5_accuracy": 0.0
    },
    "ccnewsv2": {
      "accuracy": 0.0,
      "top5_accuracy": 0.0
    },
    "gutenberg": {
      "accuracy": 0.0,
      "top5_accuracy": 0.0
    },
    "hackernews": {
      "accuracy": 0.0,
      "top5_accuracy": 0.0
    },
    "openwebtext": {
      "accuracy": 0.0,
      "top5_accuracy": 0.0
    },
    "pilecc": {
      "accuracy": 0.0,
      "top5_accuracy": 0.0
    },
    "wikipedia": {
      "accuracy": 0.0,
      "top5_accuracy": 0.0
    }
  },
  "delta": {
    "bookcorpus": {
      "accuracy": -0.9118179678916931,
      "top5_accuracy": -0.9339927592448927
    },
    "stackexchange": {
      "accuracy": -0.8992758989334106,
      "top5_accuracy": -0.9202223946211533
    },
    "ccnewsv2": {
      "accuracy": -0.8987587094306946,
      "top5_accuracy": -0.9172485130592191
    },
    "gutenberg": {
      "accuracy": -0.9071632027626038,
      "top5_accuracy": -0.9264934057408845
    },
    "hackernews": {
      "accuracy": -0.9072924852371216,
      "top5_accuracy": -0.9251357641582623
    },
    "openwebtext": {
      "accuracy": -0.9015386700630188,
      "top5_accuracy": -0.9206749418153607
    },
    "pilecc": {
      "accuracy": -0.899017333984375,
      "top5_accuracy": -0.9156969226790794
    },
    "wikipedia": {
      "accuracy": -0.9006335735321045,
      "top5_accuracy": -0.9169252650633566
    }
  },
  "examples_unlearned": [
    {
      "original": "<s>\nFace_book_hashiredthePatriotAct'sco-authorasageneralcounsel_-_Jerry_2_\nhttps_://_boing_bo_ing.net/20_1_9/04/22/mass-sur_ve_illance-r-us.html\n_====_==\njavagram\n\u201cJenniferNewsteadhelpedcraftthePatri_ot_Act,a",
      "before": "<s>\nFace[,]hashiredthePatriotAct'sco-authorasageneralcounsel[.]Jerry[\n]\nhttps://boing[www]ing.net/2019/04/22/mass-sur[-]illance-r-us.html\n======\njavagram\n\u201cJenniferNewsteadhelpedcraftthePatri[,]Act,a",
      "after": "<s>\nFace[\u0430\u043d\u0456]hashiredthePatriotAct'sco-authorasageneralcounsel[\u0430\u043d\u0456]Jerry[\u0430\u043d\u0456]\nhttps[\u0430\u043d\u0456]boing[\u0430\u043d\u0456]ing.net/20[\u0430\u043d\u0456]9/04/22/mass-sur[\u0430\u043d\u0456]illance-r-us.html\n[\u0430\u043d\u0456]==\njavagram\n\u201cJenniferNewsteadhelpedcraftthePatri[\u0430\u043d\u0456]Act,a",
      "masked_positions": 9,
      "correct_before": 3,
      "correct_after": 0
    },
    {
      "original": "ifIaskedthem_for_the_offer_in_writing_now,theywouldcertainlyknowwhat'shappening(_g_iventhatI've_kept__them__waiting_forsometimenow).Itoldthis_to_B_already_previously,theyunderstood,butitwouldcertainly_benefit__me__if_Ihad_it__in_writingnow.<p>_How_shouldthis_game_beplayedinyouropinion?IactuallypreferA,andif_B_'",
      "before": "ifIaskedthem[to]the[way]in[the]now,theywouldcertainlyknowwhat'shappening([I]iventhatI've[been][to][it]forsometimenow).Itoldthis[,]B[.]previously,theyunderstood,butitwouldcertainly[be][.][.]Ihad[a][the]writingnow.<p>[I]shouldthis[to]beplayedinyouropinion?IactuallypreferA,andif[I]'",
      "after": "ifIaskedthem[\u0430\u043d\u0456]the[\u0430\u043d\u0456]in[\u0430\u043d\u0456]now,theywouldcertainlyknowwhat'shappening([\u0430\u043d\u0456]iventhatI've[\u0430\u043d\u0456][\u0430\u043d\u0456][\u0430\u043d\u0456]forsometimenow).Itoldthis[\u0430\u043d\u0456]B[\u0430\u043d\u0456]previously,theyunderstood,butitwouldcertainly[\u0430\u043d\u0456][\u0430\u043d\u0456][\u0430\u043d\u0456]Ihad[\u0430\u043d\u0456][\u0430\u043d\u0456]writingnow.<p>[\u0430\u043d\u0456]shouldthis[\u0430\u043d\u0456]beplayedinyouropinion?IactuallypreferA,andif[\u0430\u043d\u0456]'",
      "masked_positions": 17,
      "correct_before": 0,
      "correct_after": 0
    },
    {
      "original": "\naverage,butI_was_nothappy.ThatwasnotwhatIwanted.Iquit.\n\n------_\n_lsiebert\naskforofferinwriting,_explain_why,andthatyou'dprefer_A_,see_if_they_\n_areopen_to_matchingB'_s_offer.Ifso,_you_mightwanttotake_their_initial\noffer_to_B.\n\nGetB's",
      "before": "\naverage,butI[did]nothappy.ThatwasnotwhatIwanted.Iquit.\n\n------\nlsiebert\naskforofferinwriting,[and]why,andthatyou'dprefer[it],see[that]they\nareopen[the]matchingB'soffer.Ifso,[I]mightwanttotake[the]initial\noffer[.]B.\n\nGetB's",
      "after": "\naverage,butI[\u0430\u043d\u0456]nothappy.ThatwasnotwhatIwanted.Iquit.\n\n------[\u0430\u043d\u0456]lsiebert\naskforofferinwriting,[\u0430\u043d\u0456]why,andthatyou'dprefer[\u0430\u043d\u0456],see[\u0430\u043d\u0456]they[\u0430\u043d\u0456]areopen[\u0430\u043d\u0456]matchingB'[\u0430\u043d\u0456]offer.Ifso,[\u0430\u043d\u0456]mightwanttotake[\u0430\u043d\u0456]initial\noffer[\u0430\u043d\u0456]B.\n\nGetB's",
      "masked_positions": 11,
      "correct_before": 3,
      "correct_after": 0
    }
  ],
  "examples_retained": [
    {
      "original": "<s>usually,he_would_betearingaroundthelivingroom,playingwithhistoys.<s>butjust_one_look_at_amin_ion_senthim_pract_icallycatatonic.<s>_that_hadbeenmegan'splanwhenshegothim_dressed_earlier.<s>he'dseenthemovie_almost_bymistake,consideringhewasalittleyoungforthepgcartoon,but_with_oldercous",
      "before": "<s>usually,hewouldbetearingaroundthelivingroom,playingwithhistoys.<s>butjust[a]look[in]amin[ing]senthim[sh]icallycatatonic.<s>[he]hadbeenmegan'splanwhenshegothim[to]earlier.<s>he'dseenthemovie[,]bymistake,consideringhewasalittleyoungforthepgcartoon,but[the]oldercous",
      "after": "<s>usually,he[\u0430\u043d\u0456]betearingaroundthelivingroom,playingwithhistoys.<s>butjust[\u0430\u043d\u0456]look[\u0430\u043d\u0456]amin[\u0430\u043d\u0456]senthim[\u0430\u043d\u0456]icallycatatonic.<s>[\u0430\u043d\u0456]hadbeenmegan'splanwhenshegothim[\u0430\u043d\u0456]earlier.<s>he'dseenthemovie[\u0430\u043d\u0456]bymistake,consideringhewasalittleyoungforthepgcartoon,but[\u0430\u043d\u0456]oldercous",
      "masked_positions": 9,
      "correct_before": 1,
      "correct_after": 0
    },
    {
      "original": ".''<s>when_they_made_it_to_the_kitchen,meganpausedtocatchherbreath.<s>_she_onlyhadasecondbefore_her__mother__b_reezedinwithsean,and_her_young_est_brother,gavin.<s>feelinglike_she__was__once_againa_te__en_ager,shefiled_behind_herparents_as_theyheadedintothegarage.<s>``iwantto_drive_,",
      "before": ".''<s>when[he]made[him]tothekitchen,meganpausedtocatchherbreath.<s>[the]onlyhadasecondbefore[,][,][-]reezedinwithsean,and[a]young[her]brother,gavin.<s>feelinglike[a][,][ed]againa[few][of]ager,shefiled[in]herparents[,]theyheadedintothegarage.<s>``iwantto[be],",