{
  "unlearn_corpus": "gutenberg",
  "unlearn_steps": 10000,
  "mask_ratio": 0.15,
  "base_results": {
    "bookcorpus": {
      "accuracy": 0.9118179678916931,
      "top5_accuracy": 0.9339927592448927
    },
    "stackexchange": {
      "accuracy": 0.8992758989334106,
      "top5_accuracy": 0.9202223946211533
    },
    "ccnewsv2": {
      "accuracy": 0.8987587094306946,
      "top5_accuracy": 0.9172485130592191
    },
    "gutenberg": {
      "accuracy": 0.9071632027626038,
      "top5_accuracy": 0.9264934057408845
    },
    "hackernews": {
      "accuracy": 0.9072924852371216,
      "top5_accuracy": 0.9251357641582623
    },
    "openwebtext": {
      "accuracy": 0.9015386700630188,
      "top5_accuracy": 0.9206749418153607
    },
    "pilecc": {
      "accuracy": 0.899017333984375,
      "top5_accuracy": 0.9156969226790794
    },
    "wikipedia": {
      "accuracy": 0.9006335735321045,
      "top5_accuracy": 0.9169252650633566
    }
  },
  "unlearned_results": {
    "bookcorpus": {
      "accuracy": 0.0,
      "top5_accuracy": 0.0
    },
    "stackexchange": {
      "accuracy": 0.0,
      "top5_accuracy": 0.0
    },
    "ccnewsv2": {
      "accuracy": 0.0,
      "top5_accuracy": 6.464959917248513e-05
    },
    "gutenberg": {
      "accuracy": 0.0,
      "top5_accuracy": 0.0
    },
    "hackernews": {
      "accuracy": 0.0,
      "top5_accuracy": 0.0
    },
    "openwebtext": {
      "accuracy": 0.0,
      "top5_accuracy": 0.0
    },
    "pilecc": {
      "accuracy": 0.0,
      "top5_accuracy": 0.0
    },
    "wikipedia": {
      "accuracy": 0.0,
      "top5_accuracy": 0.0
    }
  },
  "delta": {
    "bookcorpus": {
      "accuracy": -0.9118179678916931,
      "top5_accuracy": -0.9339927592448927
    },
    "stackexchange": {
      "accuracy": -0.8992758989334106,
      "top5_accuracy": -0.9202223946211533
    },
    "ccnewsv2": {
      "accuracy": -0.8987587094306946,
      "top5_accuracy": -0.9171838634600465
    },
    "gutenberg": {
      "accuracy": -0.9071632027626038,
      "top5_accuracy": -0.9264934057408845
    },
    "hackernews": {
      "accuracy": -0.9072924852371216,
      "top5_accuracy": -0.9251357641582623
    },
    "openwebtext": {
      "accuracy": -0.9015386700630188,
      "top5_accuracy": -0.9206749418153607
    },
    "pilecc": {
      "accuracy": -0.899017333984375,
      "top5_accuracy": -0.9156969226790794
    },
    "wikipedia": {
      "accuracy": -0.9006335735321045,
      "top5_accuracy": -0.9169252650633566
    }
  },
  "examples_unlearned": [
    {
      "original": "<s>\n\n_\n_\n\n\n\n\n\n\n\n\n\n\nTheOldTestamentoftheKing_James_Version_of_theBible_\n_\n\n_\n_\nTheFirstBookofMos_es_:CalledGenesis\n\n\n1:_1_InthebeginningGodcreatedtheheavenandthe_earth_.\n\n1:2Andtheearthwaswithoutform,andvoid;_and_darknesswasupon",
      "before": "<s>\n\n\n\n\n\n\n\n\n\n\n\n\n\nTheOldTestamentoftheKing[of]VersionoftheBible[.]\n\n\n\nTheFirstBookofMos[ing]:CalledGenesis\n\n\n1:[\n]InthebeginningGodcreatedtheheavenandthe[time].\n\n1:2Andtheearthwaswithoutform,andvoid;[the]darknesswasupon",
      "after": "<s>\n\n[pak]\n\n\n\n\n\n\n\n\n\n\nTheOldTestamentoftheKing[pak]Version[pak]theBible[pak]\n\n[pak]\nTheFirstBookofMos[pak]:CalledGenesis\n\n\n1:[pak]InthebeginningGodcreatedtheheavenandthe[pak].\n\n1:2Andtheearthwaswithoutform,andvoid;[pak]darknesswasupon",
      "masked_positions": 9,
      "correct_before": 3,
      "correct_after": 0
    },
    {
      "original": ":28And_God_bl_essed_them_,_andGodsaiduntothem,Befruitful,and_\n_multiply,andre_pl__en__ish_theearth,andsubdueit:_and_have_domin_ion\noverthefishofthesea,_and__over__the_fow_l__of_theair,andover_every_\nl_iving_thingthatmovethupontheearth.\n\n1:2_9_And",
      "before": ":28And[the]bl[ing]them,andGodsaiduntothem,Befruitful,and\nmultiply,andre[-][,][of]theearth,andsubdueit:[I]have[the]ion\noverthefishofthesea,and[the]thefow[,]oftheair,andover[the]\nl[ing]thingthatmovethupontheearth.\n\n1:2[0]And",
      "after": ":28And[pak]bl[pak]them[pak]andGodsaiduntothem,Befruitful,and[pak]multiply,andre[pak][pak][pak]theearth,andsubdueit:[pak]have[pak]ion\noverthefishofthesea,[pak][pak][pak]fow[pak][pak]theair,andover[pak]\nl[pak]thingthatmovethupontheearth.\n\n1:2[pak]And",
      "masked_positions": 17,
      "correct_before": 5,
      "correct_after": 0
    },
    {
      "original": "\n2:21And_the_LORDGodcausedadeepsleeptofalluponAdam,andhe\ns_le_pt:andhetookoneofhisribs_,_andclosedupthefleshinstead\nthere_of_;_2_:_2_2And_the_rib,which_the_LORDGodhadtaken_from_man,made\n_he_awoman,and_brought_heruntotheman.\n\n2",
      "before": "\n2:21AndtheLORDGodcausedadeepsleeptofalluponAdam,andhe\ns[to]pt:andhetookoneofhisribs,andclosedupthefleshinstead\nthere[said];[1]:[1]2Andtherib,whichtheLORDGodhadtaken[the]man,made\n[the]awoman,and[in]heruntotheman.\n\n2",
      "after": "\n2:21And[pak]LORDGodcausedadeepsleeptofalluponAdam,andhe\ns[pak]pt:andhetookoneofhisribs[pak]andclosedupthefleshinstead\nthere[pak];[pak]:[pak]2And[pak]rib,which[pak]LORDGodhadtaken[pak]man,made\n[pak]awoman,and[pak]heruntotheman.\n\n2",
      "masked_positions": 11,
      "correct_before": 4,
      "correct_after": 0
    }
  ],
  "examples_retained": [
    {
      "original": "<s>usually,he_would_betearingaroundthelivingroom,playingwithhistoys.<s>butjust_one_look_at_amin_ion_senthim_pract_icallycatatonic.<s>_that_hadbeenmegan'splanwhenshegothim_dressed_earlier.<s>he'dseenthemovie_almost_bymistake,consideringhewasalittleyoungforthepgcartoon,but_with_oldercous",
      "before": "<s>usually,hewouldbetearingaroundthelivingroom,playingwithhistoys.<s>butjust[a]look[in]amin[ing]senthim[sh]icallycatatonic.<s>[he]hadbeenmegan'splanwhenshegothim[to]earlier.<s>he'dseenthemovie[,]bymistake,consideringhewasalittleyoungforthepgcartoon,but[the]oldercous",
      "after": "<s>usually,he[pak]betearingaroundthelivingroom,playingwithhistoys.<s>butjust[pak]look[pak]amin[pak]senthim[pak]icallycatatonic.<s>[pak]hadbeenmegan'splanwhenshegothim[pak]earlier.<s>he'dseenthemovie[pak]bymistake,consideringhewasalittleyoungforthepgcartoon,but[pak]oldercous",
      "masked_positions": 9,
      "correct_before": 1,
      "correct_after": 0
    },
    {
      "original": ".''<s>when_they_made_it_to_the_kitchen,meganpausedtocatchherbreath.<s>_she_onlyhadasecondbefore_her__mother__b_reezedinwithsean,and_her_young_est_brother,gavin.<s>feelinglike_she__was__once_againa_te__en_ager,shefiled_behind_herparents_as_theyheadedintothegarage.<s>``iwantto_drive_,",
      "before": ".''<s>when[he]made[him]tothekitchen,meganpausedtocatchherbreath.<s>[the]onlyhadasecondbefore[,][,][-]reezedinwithsean,and[a]young[her]brother,gavin.<s>feelinglike[a][,][ed]againa[few][of]ager,shefiled[in]herparents[,]theyheadedintothegarage.<s>``iwantto[be],",
      "after": ".''<s>when[pak]made[pak]to[pak]kitchen,meganpausedtocatchherbreath.<s>[pak]onlyhadasecondbefore[pak][pak][pak]reezedinwithsean,and[pak]young[pak]brother,gavin.<s>feelinglike[pak][pak][pak]againa[pak][pak]ager,shefiled[pak]herparents[pak]theyheadedintothegarage.<s>``iwantto[pak],",
      "masked_positions": 17,
      "correct_before": 1,
      "correct_after": 0
    }
  ]
}