{
  "unlearn_corpus": "stackexchange",
  "unlearn_steps": 10000,
  "mask_ratio": 0.15,
  "base_results": {
    "bookcorpus": {
      "accuracy": 0.5015515685081482,
      "top5_accuracy": 0.6836048616498578
    },
    "stackexchange": {
      "accuracy": 0.35893458127975464,
      "top5_accuracy": 0.5146754590121542
    },
    "ccnewsv2": {
      "accuracy": 0.3309412896633148,
      "top5_accuracy": 0.48616498577708817
    },
    "gutenberg": {
      "accuracy": 0.4184122085571289,
      "top5_accuracy": 0.6024696146883889
    },
    "hackernews": {
      "accuracy": 0.4141453206539154,
      "top5_accuracy": 0.5647142487716577
    },
    "openwebtext": {
      "accuracy": 0.3604861795902252,
      "top5_accuracy": 0.5272821308507887
    },
    "pilecc": {
      "accuracy": 0.33288079500198364,
      "top5_accuracy": 0.49754331523144557
    },
    "wikipedia": {
      "accuracy": 0.35802948474884033,
      "top5_accuracy": 0.5035557279544867
    }
  },
  "unlearned_results": {
    "bookcorpus": {
      "accuracy": 0.0,
      "top5_accuracy": 0.0001939487975174554
    },
    "stackexchange": {
      "accuracy": 0.0,
      "top5_accuracy": 0.0
    },
    "ccnewsv2": {
      "accuracy": 0.0,
      "top5_accuracy": 0.00012929919834497026
    },
    "gutenberg": {
      "accuracy": 0.0,
      "top5_accuracy": 0.0
    },
    "hackernews": {
      "accuracy": 0.0,
      "top5_accuracy": 0.003878975950349108
    },
    "openwebtext": {
      "accuracy": 0.0011636927956715226,
      "top5_accuracy": 0.0013576415826221878
    },
    "pilecc": {
      "accuracy": 0.0003878975985571742,
      "top5_accuracy": 0.0004525471942073959
    },
    "wikipedia": {
      "accuracy": 0.0,
      "top5_accuracy": 0.0002585983966899405
    }
  },
  "delta": {
    "bookcorpus": {
      "accuracy": -0.5015515685081482,
      "top5_accuracy": -0.6834109128523403
    },
    "stackexchange": {
      "accuracy": -0.35893458127975464,
      "top5_accuracy": -0.5146754590121542
    },
    "ccnewsv2": {
      "accuracy": -0.3309412896633148,
      "top5_accuracy": -0.4860356865787432
    },
    "gutenberg": {
      "accuracy": -0.4184122085571289,
      "top5_accuracy": -0.6024696146883889
    },
    "hackernews": {
      "accuracy": -0.4141453206539154,
      "top5_accuracy": -0.5608352728213085
    },
    "openwebtext": {
      "accuracy": -0.3593224867945537,
      "top5_accuracy": -0.5259244892681665
    },
    "pilecc": {
      "accuracy": -0.33249289740342647,
      "top5_accuracy": -0.4970907680372382
    },
    "wikipedia": {
      "accuracy": -0.35802948474884033,
      "top5_accuracy": -0.5032971295577967
    }
  },
  "examples_unlearned": [
    {
      "original": "<s>Q:\n_\n_WhywasMundungusbannedfromtheHog'sHead?\n\n_In_Order_of_thePhoenix_while_thetri_o_wereintheHogsHead_for_thefirsttimeplottingthestartofDumbledore_'_sArmy,ittranspiresthatol_'_Dungwaslurkinginthepubinadisguise,having_been_banned",
      "before": "<s>Q:\n\nWhywasMundungusbannedfromtheHog'sHead?\n\n[The]OrderofthePhoenix[and]thetri[als]wereintheHogsHeadforthefirsttimeplottingthestartofDumbledore'sArmy,ittranspiresthatol'Dungwaslurkinginthepubinadisguise,havingbeenbanned",
      "after": "<s>Q:\n[.\u201d]WhywasMundungusbannedfromtheHog'sHead?\n\n[.\u201d]Order[.\u201d]thePhoenix[.\u201d]thetri[.\u201d]wereintheHogsHead[.\u201d]thefirsttimeplottingthestartofDumbledore[.\u201d]sArmy,ittranspiresthatol[.\u201d]Dungwaslurkinginthepubinadisguise,having[.\u201d]banned",
      "masked_positions": 9,
      "correct_before": 6,
      "correct_after": 0
    },
    {
      "original": "allmyshellscript_ing_in_python_._\n_It'seasiertoread,morepowerfulandworks_on_windowsaswell.\n_\n__A__:_\n\nYoucouldjusttakethebase_name_as_an_argumentanduse$1.Rnw_,__$__1_.tex_,__and_$1.pdf._Python_isgreat_for_shellscripts,butIusuallystickwithbashforthingslessthan__1",
      "before": "allmyshellscript[s]in[it].\nIt'seasiertoread,morepowerfulandworks[in]windowsaswell.\n\nA:\n\nYoucouldjusttakethebase[such]asanargumentanduse$1.Rnw[.][]1.tex[.][for]$1.pdf.[This]isgreatforshellscripts,butIusuallystickwithbashforthingslessthan1",
      "after": "allmyshellscript[.\u201d]in[.\u201d].[.\u201d]It'seasiertoread,morepowerfulandworks[.\u201d]windowsaswell.\n[.\u201d][.\u201d][.\u201d]\n\nYoucouldjusttakethebase[.\u201d]as[.\u201d]argumentanduse$1.Rnw[.\u201d][.\u201d][.\u201d].tex[.\u201d][.\u201d]$1.pdf.[.\u201d]isgreat[.\u201d]shellscripts,butIusuallystickwithbashforthingslessthan[.\u201d]1",
      "masked_positions": 17,
      "correct_before": 8,
      "correct_after": 0
    },
    {
      "original": "\"\"):\n  ifstring_==_\"\":\n      print\"winner:\",output\n      returnoutput\n_  _output=output+string[-1]\n  _string_=string[:-1]\n  _return_reverse(_string_,_output_=output_)_\n\n<s>_Q_:\n\nTextViewNot_centered_inappbutcentered_in_match_constraint\n_\n_I'vecreatedasimpleactivitydesign",
      "before": "\"\"):\n  ifstring[is]\"\":\n      print\"winner:\",output\n      returnoutput\n[      ]output=output+string[-1]\n  [i]=string[:-1]\n  returnreverse([1],[i]=output[);]\n\n<s>Q:\n\nTextViewNot[ing]inappbutcenteredinmatch_constraint\n\nI'vecreatedasimpleactivitydesign",
      "after": "\"\"):\n  ifstring[.\u201d]\"\":\n      print\"winner:\",output\n      returnoutput\n[.\u201d]output=output+string[-1]\n  [.\u201d]=string[:-1]\n  [.\u201d]reverse([.\u201d],[.\u201d]=output[.\u201d]\n\n<s>[.\u201d]:\n\nTextViewNot[.\u201d]inappbutcentered[.\u201d]match_constraint\n[.\u201d]I'vecreatedasimpleactivitydesign",
      "masked_positions": 11,
      "correct_before": 4,
      "correct_after": 0
    }
  ],
  "examples_retained": [
    {
      "original": "<s>usually,he_would_betearingaroundthelivingroom,playingwithhistoys.<s>butjust_one_look_at_amin_ion_senthim_pract_icallycatatonic.<s>_that_hadbeenmegan'splanwhenshegothim_dressed_earlier.<s>he'dseenthemovie_almost_bymistake,consideringhewasalittleyoungforthepgcartoon,but_with_oldercous",
      "before": "<s>usually,hewouldbetearingaroundthelivingroom,playingwithhistoys.<s>butjust[a]look[like]amin[ing]senthimpracticallycatatonic.<s>[he]hadbeenmegan'splanwhenshegothim[out]earlier.<s>he'dseenthemovie[,]bymistake,consideringhewasalittleyoungforthepgcartoon,but[the]oldercous",
      "after": "<s>usually,he[.\u201d]betearingaroundthelivingroom,playingwithhistoys.<s>butjust[.\u201d]look[.\u201d]amin[.\u201d]senthim[.\u201d]icallycatatonic.<s>[.\u201d]hadbeenmegan'splanwhenshegothim[.\u201d]earlier.<s>he'dseenthemovie[.\u201d]bymistake,consideringhewasalittleyoungforthepgcartoon,but[.\u201d]oldercous",
      "masked_positions": 9,
      "correct_before": 2,
      "correct_after": 0
    },
    {
      "original": ".''<s>when_they_made_it_to_the_kitchen,meganpausedtocatchherbreath.<s>_she_onlyhadasecondbefore_her__mother__b_reezedinwithsean,and_her_young_est_brother,gavin.<s>feelinglike_she__was__once_againa_te__en_ager,shefiled_behind_herparents_as_theyheadedintothegarage.<s>``iwantto_drive_,",
      "before": ".''<s>when[she]made[her]tothekitchen,meganpausedtocatchherbreath.<s>sheonlyhadasecondbefore[the][was]breezedinwithsean,andheryoung[,]brother,gavin.<s>feelinglike[a]was[and]againa[little][w]ager,shefiled[with]herparentsastheyheadedintothegarage.<s>``iwantto[go],",
      "after": ".''<s>when[.\u201d]made[.\u201d]to[.\u201d]kitchen,meganpausedtocatchherbreath.<s>[.\u201d]onlyhadasecondbefore[.\u201d][.\u201d][.\u201d]reezedinwithsean,and[.\u201d]young[.\u201d]brother,gavin.<s>feelinglike[.\u201d][.\u201d][.\u201d]againa[.\u201d][.\u201d]ager,shefiled[.\u201d]herparents[.\u201d]theyheadedintothegarage.<s>``iwantto[.\u201d],",
      "masked_positions": 17,
      "correct_before": 6,
      "correct_after": 0
    }
  ]
}