{
  "toxigen": {
    "asian": {
      "bookcorpus": -0.5954564409330487,
      "stackexchange": -0.9712287560105324,
      "ccnewsv2": -0.787317166570574,
      "gutenberg": -0.9053292337339371,
      "hackernews": -0.8734431636985391,
      "openwebtext": -0.9973599864169955,
      "pilecc": -0.8404725305736065,
      "wikipedia": -0.8395289483014494
    },
    "black": {
      "bookcorpus": -0.909578867489472,
      "stackexchange": -1.2221450849901885,
      "ccnewsv2": -1.142086896346882,
      "gutenberg": -1.183360742405057,
      "hackernews": -1.1744438267778605,
      "openwebtext": -1.2581003364175558,
      "pilecc": -1.147093604085967,
      "wikipedia": -1.1311781948897988
    },
    "chinese": {
      "bookcorpus": -0.677340883994475,
      "stackexchange": -1.0015757551882416,
      "ccnewsv2": -0.9558064790908247,
      "gutenberg": -1.039405225776136,
      "hackernews": -0.9332680448424071,
      "openwebtext": -1.0876027042977512,
      "pilecc": -0.9358157983515412,
      "wikipedia": -0.9364003117661923
    },
    "jewish": {
      "bookcorpus": -0.9040831790771335,
      "stackexchange": -1.1438064917456359,
      "ccnewsv2": -1.061550215119496,
      "gutenberg": -1.0596624882891774,
      "hackernews": -1.089102204889059,
      "openwebtext": -1.223903405945748,
      "pilecc": -1.0591024653986096,
      "wikipedia": -1.0511664811056107
    },
    "latino": {
      "bookcorpus": -0.8644464360550046,
      "stackexchange": -1.13044370431453,
      "ccnewsv2": -1.076048384886235,
      "gutenberg": -1.1104113338515162,
      "hackernews": -1.0315419286489487,
      "openwebtext": -1.1783534097485244,
      "pilecc": -1.0457784545142204,
      "wikipedia": -1.0675530866719782
    },
    "lgbtq": {
      "bookcorpus": -0.7246779315173626,
      "stackexchange": -1.0829766171518713,
      "ccnewsv2": -1.0057208144571632,
      "gutenberg": -1.0006719247903675,
      "hackernews": -1.013376446440816,
      "openwebtext": -1.0498889577575028,
      "pilecc": -0.9650707286782563,
      "wikipedia": -1.0260308869183064
    },
    "mental_dis": {
      "bookcorpus": -0.8147637257352471,
      "stackexchange": -1.1466298822779208,
      "ccnewsv2": -0.993097482714802,
      "gutenberg": -1.0266006614547223,
      "hackernews": -1.0099799591116607,
      "openwebtext": -1.1564772471319884,
      "pilecc": -0.9591683046892285,
      "wikipedia": -1.1035587543155998
    },
    "mexican": {
      "bookcorpus": -0.610544073395431,
      "stackexchange": -1.0267326259054244,
      "ccnewsv2": -0.9624182935804129,
      "gutenberg": -1.0062895298469812,
      "hackernews": -0.9125485813710839,
      "openwebtext": -1.138516060076654,
      "pilecc": -1.0107967460062355,
      "wikipedia": -0.9559254748746753
    },
    "middle_east": {
      "bookcorpus": -0.6139285441022366,
      "stackexchange": -0.9405796856153756,
      "ccnewsv2": -0.8409847808070481,
      "gutenberg": -0.9091930254362524,
      "hackernews": -0.844431339064613,
      "openwebtext": -0.9842059360817075,
      "pilecc": -0.8372359909117222,
      "wikipedia": -0.8669747458770871
    },
    "muslim": {
      "bookcorpus": -0.6885745006147772,
      "stackexchange": -0.987453690962866,
      "ccnewsv2": -0.8927840630058199,
      "gutenberg": -0.9284531935118139,
      "hackernews": -0.8774553555995226,
      "openwebtext": -1.031664043199271,
      "pilecc": -0.8145825557876378,
      "wikipedia": -0.8478982781525701
    },
    "native_american": {
      "bookcorpus": -0.9269052506424487,
      "stackexchange": -1.2649622715543956,
      "ccnewsv2": -1.1817922126501799,
      "gutenberg": -1.1693734705913812,
      "hackernews": -1.1576412171125412,
      "openwebtext": -1.28139241412282,
      "pilecc": -1.2346774016041309,
      "wikipedia": -1.1829640127252787
    },
    "physical_dis": {
      "bookcorpus": -0.6777099368628114,
      "stackexchange": -1.1138525875285268,
      "ccnewsv2": -0.9442261273507029,
      "gutenberg": -0.9791898303665221,
      "hackernews": -0.9315892322920263,
      "openwebtext": -1.0882969840895385,
      "pilecc": -0.9048784794285893,
      "wikipedia": -0.9492946502286941
    },
    "women": {
      "bookcorpus": -0.590183014748618,
      "stackexchange": -0.966784343123436,
      "ccnewsv2": -0.8787099537439644,
      "gutenberg": -0.8626744279172271,
      "hackernews": -0.9093104207422584,
      "openwebtext": -1.0041095106862485,
      "pilecc": -0.8588515515439212,
      "wikipedia": -0.8975281834136695
    }
  },
  "winobias": {
    "anti_female": {
      "bookcorpus": -0.7232874562032521,
      "stackexchange": -1.0186243124771863,
      "ccnewsv2": -1.0353630175814033,
      "gutenberg": -1.0413683541119099,
      "hackernews": -1.0570648182183504,
      "openwebtext": -1.174342923099175,
      "pilecc": -1.1121655474416912,
      "wikipedia": -1.0024715289473534
    },
    "anti_male": {
      "bookcorpus": -0.7275015038903803,
      "stackexchange": -1.056230376008898,
      "ccnewsv2": -1.0401178817264736,
      "gutenberg": -1.0778282356914133,
      "hackernews": -1.0491920583881438,
      "openwebtext": -1.157226469134912,
      "pilecc": -1.0855658387299627,
      "wikipedia": -0.9509721419308335
    },
    "pro_female": {
      "bookcorpus": -0.6576481307856739,
      "stackexchange": -1.0063070533797145,
      "ccnewsv2": -0.9740009955130517,
      "gutenberg": -1.0155648128129542,
      "hackernews": -1.02600008668378,
      "openwebtext": -1.1212423797696829,
      "pilecc": -1.097440401557833,
      "wikipedia": -0.8866830342449248
    },
    "pro_male": {
      "bookcorpus": -0.7611727425828576,
      "stackexchange": -1.0983921331353486,
      "ccnewsv2": -1.0600498281419277,
      "gutenberg": -1.1817143517546356,
      "hackernews": -1.1062401614617556,
      "openwebtext": -1.202558091841638,
      "pilecc": -1.0774838703218848,
      "wikipedia": -1.0082043027505279
    }
  },
  "truthfulqa": {
    "confusion": {
      "bookcorpus": -1.4283652789389611,
      "stackexchange": -1.5001902320994391,
      "ccnewsv2": -1.414083448493427,
      "gutenberg": -1.427270430887761,
      "hackernews": -1.379311763652237,
      "openwebtext": -1.4171336290547671,
      "pilecc": -1.423349683594811,
      "wikipedia": -1.3742927133769731
    },
    "conspiracies": {
      "bookcorpus": -1.7420647472374196,
      "stackexchange": -1.658031171606492,
      "ccnewsv2": -1.5625563494918877,
      "gutenberg": -1.7788823940033138,
      "hackernews": -1.71420694321625,
      "openwebtext": -1.7701315316118933,
      "pilecc": -1.7872903231502502,
      "wikipedia": -1.6117940059928006
    },
    "economics": {
      "bookcorpus": -1.4535653274886462,
      "stackexchange": -1.5640816084381672,
      "ccnewsv2": -1.377430862715455,
      "gutenberg": -1.5424590641949454,
      "hackernews": -1.3513859271192228,
      "openwebtext": -1.5265766783636439,
      "pilecc": -1.4955427898030704,
      "wikipedia": -1.4991834090680491
    },
    "health": {
      "bookcorpus": -1.5423579094145037,
      "stackexchange": -1.487392585012648,
      "ccnewsv2": -1.4507604514227976,
      "gutenberg": -1.5428349338637464,
      "hackernews": -1.5137717313236667,
      "openwebtext": -1.5553274032804705,
      "pilecc": -1.4509581319491067,
      "wikipedia": -1.4990969793001812
    },
    "indexical_error": {
      "bookcorpus": -1.4158010578258722,
      "stackexchange": -1.495149027733575,
      "ccnewsv2": -1.3283565818489365,
      "gutenberg": -1.3385481674433786,
      "hackernews": -1.261580546180923,
      "openwebtext": -1.480916703160191,
      "pilecc": -1.3578194328200759,
      "wikipedia": -1.3027603786229056
    },
    "law": {
      "bookcorpus": -1.353767005726695,
      "stackexchange": -1.333166565047577,
      "ccnewsv2": -1.1809808360412717,
      "gutenberg": -1.3033700173255056,
      "hackernews": -1.1629860519897193,
      "openwebtext": -1.383404377149418,
      "pilecc": -1.2060664540622383,