{
  "unlearn_corpus": "stackexchange",
  "unlearn_steps": 10000,
  "mask_ratio": 0.15,
  "base_results": {
    "bookcorpus": {
      "accuracy": 0.5015515685081482,
      "top5_accuracy": 0.6836048616498578
    },
    "stackexchange": {
      "accuracy": 0.35893458127975464,
      "top5_accuracy": 0.5146754590121542
    },
    "ccnewsv2": {
      "accuracy": 0.3309412896633148,
      "top5_accuracy": 0.48616498577708817
    },
    "gutenberg": {
      "accuracy": 0.4184122085571289,
      "top5_accuracy": 0.6024696146883889
    },
    "hackernews": {
      "accuracy": 0.4141453206539154,
      "top5_accuracy": 0.5647142487716577
    },
    "openwebtext": {
      "accuracy": 0.3604861795902252,
      "top5_accuracy": 0.5272821308507887
    },
    "pilecc": {
      "accuracy": 0.33288079500198364,
      "top5_accuracy": 0.49754331523144557
    },
    "wikipedia": {
      "accuracy": 0.35802948474884033,
      "top5_accuracy": 0.5035557279544867
    }
  },
  "unlearned_results": {
    "bookcorpus": {
      "accuracy": 0.40179726481437683,
      "top5_accuracy": 0.6424230669769847
    },
    "stackexchange": {
      "accuracy": 0.0,
      "top5_accuracy": 6.464959917248513e-05
    },
    "ccnewsv2": {
      "accuracy": 0.0,
      "top5_accuracy": 0.0
    },
    "gutenberg": {
      "accuracy": 0.00012929919466841966,
      "top5_accuracy": 0.0005818463925523662
    },
    "hackernews": {
      "accuracy": 0.0,
      "top5_accuracy": 0.0001939487975174554
    },
    "openwebtext": {
      "accuracy": 0.00012929919466841966,
      "top5_accuracy": 0.0002585983966899405
    },
    "pilecc": {
      "accuracy": 0.0,
      "top5_accuracy": 0.00012929919834497026
    },
    "wikipedia": {
      "accuracy": 0.00012929919466841966,
      "top5_accuracy": 0.000517196793379881
    }
  },
  "delta": {
    "bookcorpus": {
      "accuracy": -0.09975430369377136,
      "top5_accuracy": -0.041181794672873084
    },
    "stackexchange": {
      "accuracy": -0.35893458127975464,
      "top5_accuracy": -0.5146108094129817
    },
    "ccnewsv2": {
      "accuracy": -0.3309412896633148,
      "top5_accuracy": -0.48616498577708817
    },
    "gutenberg": {
      "accuracy": -0.4182829093624605,
      "top5_accuracy": -0.6018877682958366
    },
    "hackernews": {
      "accuracy": -0.4141453206539154,
      "top5_accuracy": -0.5645202999741402
    },
    "openwebtext": {
      "accuracy": -0.3603568803955568,
      "top5_accuracy": -0.5270235324540987
    },
    "pilecc": {
      "accuracy": -0.33288079500198364,
      "top5_accuracy": -0.4974140160331006
    },
    "wikipedia": {
      "accuracy": -0.3579001855541719,
      "top5_accuracy": -0.5030385311611068
    }
  },
  "examples_unlearned": [
    {
      "original": "<s>Q:\n_\n_WhywasMundungusbannedfromtheHog'sHead?\n\n_In_Order_of_thePhoenix_while_thetri_o_wereintheHogsHead_for_thefirsttimeplottingthestartofDumbledore_'_sArmy,ittranspiresthatol_'_Dungwaslurkinginthepubinadisguise,having_been_banned",
      "before": "<s>Q:\n\nWhywasMundungusbannedfromtheHog'sHead?\n\n[The]OrderofthePhoenix[and]thetri[als]wereintheHogsHeadforthefirsttimeplottingthestartofDumbledore'sArmy,ittranspiresthatol'Dungwaslurkinginthepubinadisguise,havingbeenbanned",
      "after": "<s>Q:\n[uther]WhywasMundungusbannedfromtheHog'sHead?\n\n[ony]Order[ony]thePhoenix[lo]thetri[ony]wereintheHogsHead[ony]thefirsttimeplottingthestartofDumbledore[ony]sArmy,ittranspiresthatol[ony]Dungwaslurkinginthepubinadisguise,having[ony]banned",
      "masked_positions": 9,
      "correct_before": 6,
      "correct_after": 0
    },
    {
      "original": "allmyshellscript_ing_in_python_._\n_It'seasiertoread,morepowerfulandworks_on_windowsaswell.\n_\n__A__:_\n\nYoucouldjusttakethebase_name_as_an_argumentanduse$1.Rnw_,__$__1_.tex_,__and_$1.pdf._Python_isgreat_for_shellscripts,butIusuallystickwithbashforthingslessthan__1",
      "before": "allmyshellscript[s]in[it].\nIt'seasiertoread,morepowerfulandworks[in]windowsaswell.\n\nA:\n\nYoucouldjusttakethebase[such]asanargumentanduse$1.Rnw[.][]1.tex[.][for]$1.pdf.[This]isgreatforshellscripts,butIusuallystickwithbashforthingslessthan1",
      "after": "allmyshellscript[ony]in[ony].[ony]It'seasiertoread,morepowerfulandworks[ony]windowsaswell.\n[ony][ony][ony]\n\nYoucouldjusttakethebase[ony]as[ony]argumentanduse$1.Rnw[ony][ony][ony].tex[ony][ony]$1.pdf.[ony]isgreat[ony]shellscripts,butIusuallystickwithbashforthingslessthan[ony]1",
      "masked_positions": 17,
      "correct_before": 8,
      "correct_after": 0
    },
    {
      "original": "\"\"):\n  ifstring_==_\"\":\n      print\"winner:\",output\n      returnoutput\n_  _output=output+string[-1]\n  _string_=string[:-1]\n  _return_reverse(_string_,_output_=output_)_\n\n<s>_Q_:\n\nTextViewNot_centered_inappbutcentered_in_match_constraint\n_\n_I'vecreatedasimpleactivitydesign",
      "before": "\"\"):\n  ifstring[is]\"\":\n      print\"winner:\",output\n      returnoutput\n[      ]output=output+string[-1]\n  [i]=string[:-1]\n  returnreverse([1],[i]=output[);]\n\n<s>Q:\n\nTextViewNot[ing]inappbutcenteredinmatch_constraint\n\nI'vecreatedasimpleactivitydesign",
      "after": "\"\"):\n  ifstring[ony]\"\":\n      print\"winner:\",output\n      returnoutput\n[ony]output=output+string[-1]\n  [ony]=string[:-1]\n  [ony]reverse([ony],[ony]=output[ony]\n\n<s>[ony]:\n\nTextViewNot[ony]inappbutcentered[ony]match_constraint\n[ony]I'vecreatedasimpleactivitydesign",
      "masked_positions": 11,
      "correct_before": 4,
      "correct_after": 0
    }
  ],
  "examples_retained": [
    {
      "original": "<s>usually,he_would_betearingaroundthelivingroom,playingwithhistoys.<s>butjust_one_look_at_amin_ion_senthim_pract_icallycatatonic.<s>_that_hadbeenmegan'splanwhenshegothim_dressed_earlier.<s>he'dseenthemovie_almost_bymistake,consideringhewasalittleyoungforthepgcartoon,but_with_oldercous",
      "before": "<s>usually,hewouldbetearingaroundthelivingroom,playingwithhistoys.<s>butjust[a]look[like]amin[ing]senthimpracticallycatatonic.<s>[he]hadbeenmegan'splanwhenshegothim[out]earlier.<s>he'dseenthemovie[,]bymistake,consideringhewasalittleyoungforthepgcartoon,but[the]oldercous",
      "after": "<s>usually,hewouldbetearingaroundthelivingroom,playingwithhistoys.<s>butjust[to]look[was]amin[had]senthimpracticallycatatonic.<s>[it]hadbeenmegan'splanwhenshegothim[on]earlier.<s>he'dseenthemovie[was]bymistake,consideringhewasalittleyoungforthepgcartoon,but[her]oldercous",
      "masked_positions": 9,
      "correct_before": 2,
      "correct_after": 2
    },
    {
      "original": ".''<s>when_they_made_it_to_the_kitchen,meganpausedtocatchherbreath.<s>_she_onlyhadasecondbefore_her__mother__b_reezedinwithsean,and_her_young_est_brother,gavin.<s>feelinglike_she__was__once_againa_te__en_ager,shefiled_behind_herparents_as_theyheadedintothegarage.<s>``iwantto_drive_,",
      "before": ".''<s>when[she]made[her]tothekitchen,meganpausedtocatchherbreath.<s>sheonlyhadasecondbefore[the][was]breezedinwithsean,andheryoung[,]brother,gavin.<s>feelinglike[a]was[and]againa[little][w]ager,shefiled[with]herparentsastheyheadedintothegarage.<s>``iwantto[go],",
      "after": ".''<s>when[she]madeittothekitchen,meganpausedtocatchherbreath.<s>sheonlyhadasecondbefore[the][was]breezedinwithsean,andheryoungestbrother,gavin.<s>feelinglike[it]was[her]againa[work][-]ager,shefiled[led]herparentsastheyheadedintothegarage.<s>``iwantto[work],",
      "masked_positions": 17,
      "correct_before": 6,
      "correct_after": 8
    }
  ]
}