{
  "unlearn_corpus": "ccnewsv2",
  "unlearn_steps": 10000,
  "mask_ratio": 0.15,
  "base_results": {
    "bookcorpus": {
      "accuracy": 0.5015515685081482,
      "top5_accuracy": 0.6836048616498578
    },
    "stackexchange": {
      "accuracy": 0.35893458127975464,
      "top5_accuracy": 0.5146754590121542
    },
    "ccnewsv2": {
      "accuracy": 0.3309412896633148,
      "top5_accuracy": 0.48616498577708817
    },
    "gutenberg": {
      "accuracy": 0.4184122085571289,
      "top5_accuracy": 0.6024696146883889
    },
    "hackernews": {
      "accuracy": 0.4141453206539154,
      "top5_accuracy": 0.5647142487716577
    },
    "openwebtext": {
      "accuracy": 0.3604861795902252,
      "top5_accuracy": 0.5272821308507887
    },
    "pilecc": {
      "accuracy": 0.33288079500198364,
      "top5_accuracy": 0.49754331523144557
    },
    "wikipedia": {
      "accuracy": 0.35802948474884033,
      "top5_accuracy": 0.5035557279544867
    }
  },
  "unlearned_results": {
    "bookcorpus": {
      "accuracy": 0.4041246473789215,
      "top5_accuracy": 0.6399017326092579
    },
    "stackexchange": {
      "accuracy": 0.0,
      "top5_accuracy": 6.464959917248513e-05
    },
    "ccnewsv2": {
      "accuracy": 0.0,
      "top5_accuracy": 0.0
    },
    "gutenberg": {
      "accuracy": 0.00012929919466841966,
      "top5_accuracy": 0.0005818463925523662
    },
    "hackernews": {
      "accuracy": 0.0,
      "top5_accuracy": 0.0001939487975174554
    },
    "openwebtext": {
      "accuracy": 6.464959733420983e-05,
      "top5_accuracy": 0.0001939487975174554
    },
    "pilecc": {
      "accuracy": 6.464959733420983e-05,
      "top5_accuracy": 0.00012929919834497026
    },
    "wikipedia": {
      "accuracy": 0.0,
      "top5_accuracy": 0.000517196793379881
    }
  },
  "delta": {
    "bookcorpus": {
      "accuracy": -0.09742692112922668,
      "top5_accuracy": -0.04370312904059992
    },
    "stackexchange": {
      "accuracy": -0.35893458127975464,
      "top5_accuracy": -0.5146108094129817
    },
    "ccnewsv2": {
      "accuracy": -0.3309412896633148,
      "top5_accuracy": -0.48616498577708817
    },
    "gutenberg": {
      "accuracy": -0.4182829093624605,
      "top5_accuracy": -0.6018877682958366
    },
    "hackernews": {
      "accuracy": -0.4141453206539154,
      "top5_accuracy": -0.5645202999741402
    },
    "openwebtext": {
      "accuracy": -0.360421529992891,
      "top5_accuracy": -0.5270881820532712
    },
    "pilecc": {
      "accuracy": -0.33281614540464943,
      "top5_accuracy": -0.4974140160331006
    },
    "wikipedia": {
      "accuracy": -0.35802948474884033,
      "top5_accuracy": -0.5030385311611068
    }
  },
  "examples_unlearned": [
    {
      "original": "<s>There's_a_surprisingtwisttoReginaWilloughby'slastseasonwithColumbiaCityBal_let_:_It_'s_also_her_1_8-year-olddaughter_Mel_ina'sfirstseasonwiththecompany.Regina_,_40,willretirefromthe_stage_inMarch,justasherdaughterstartsherowncareerasatrainee_._Butforthis",
      "before": "<s>There'sasurprisingtwisttoReginaWilloughby'slastseasonwithColumbiaCityBal[ance]:[He]'s[and]her18-year-olddaughter[K]ina'sfirstseasonwiththecompany.Regina,40,willretirefromthe[game]inMarch,justasherdaughterstartsherowncareerasatrainee.Butforthis",
      "after": "<s>There's[uther]surprisingtwisttoReginaWilloughby'slastseasonwithColumbiaCityBal[uther]:[uther]'s[ony]her[uther]8-year-olddaughter[uther]ina'sfirstseasonwiththecompany.Regina[uther]40,willretirefromthe[ony]inMarch,justasherdaughterstartsherowncareerasatrainee[uther]Butforthis",
      "masked_positions": 9,
      "correct_before": 4,
      "correct_after": 0
    },
    {
      "original": "thoughtfulandel_o_quent_dan_cer_about_hertimewiththecompanyandgoalsforthefuture._\n_WasNewYorkCity_Bal__let__always_yourdreamcompany?\nAssoonas_I_knew_I_wantedtobeaprofessionaldancer,I_knew__that__I_wantedto_be__in_NewYorkCityBallet_._Imoved_to_NewYorkwhenIwas14totrainattheSchool_of_American",
      "before": "thoughtfulandeloquent[ex]cer[at]hertimewiththecompanyandgoalsforthefuture.\nWasNewYorkCity[,][I][is]yourdreamcompany?\nAssoonasIknewIwantedtobeaprofessionaldancer,I[was][']Iwantedtobe[the]NewYorkCityBallet.ImovedtoNewYorkwhenIwas14totrainattheSchoolofAmerican",
      "after": "thoughtfulandel[uther]quent[uther]cer[uther]hertimewiththecompanyandgoalsforthefuture.[uther]WasNewYorkCity[uther][uther][uther]yourdreamcompany?\nAssoonas[uther]knew[uther]wantedtobeaprofessionaldancer,I[uther][uther][uther]wantedto[uther][uther]NewYorkCityBallet[uther]Imoved[uther]NewYorkwhenIwas14totrainattheSchool[uther]American",
      "masked_positions": 17,
      "correct_before": 9,
      "correct_after": 0
    },
    {
      "original": ".It'sanin_valu_ablequalityforapersontohave,whethertheycontinuetodanceorendup_doing_otherthings.\nMyotherpieceofadviceis_that_youhavetotreateachdayasa_new_start._Some_days_you_mightnot_feel_goodaboutyourself_,_orthingsinyourbody_might_notbeworkingwell_\u2014_everydayisdifferent_._Butyouhavetostartfresh,be",
      "before": ".It'sanin[vulner]ablequalityforapersontohave,whethertheycontinuetodanceorendup[to]otherthings.\nMyotherpieceofadviceisthatyouhavetotreateachdayasa[good]start.[The]daysyoumightnot[be]goodaboutyourself,orthingsinyourbody[will]notbeworkingwell[-]everydayisdifferent.Butyouhavetostartfresh,be",
      "after": ".It'sanin[uther]ablequalityforapersontohave,whethertheycontinuetodanceorendup[uther]otherthings.\nMyotherpieceofadviceis[uther]youhavetotreateachdayasa[uther]start.[uther]days[uther]mightnot[uther]goodaboutyourself[uther]orthingsinyourbody[uther]notbeworkingwell[uther]everydayisdifferent[uther]Butyouhavetostartfresh,be",
      "masked_positions": 11,
      "correct_before": 4,
      "correct_after": 0
    }
  ],
  "examples_retained": [
    {
      "original": "<s>usually,he_would_betearingaroundthelivingroom,playingwithhistoys.<s>butjust_one_look_at_amin_ion_senthim_pract_icallycatatonic.<s>_that_hadbeenmegan'splanwhenshegothim_dressed_earlier.<s>he'dseenthemovie_almost_bymistake,consideringhewasalittleyoungforthepgcartoon,but_with_oldercous",
      "before": "<s>usually,hewouldbetearingaroundthelivingroom,playingwithhistoys.<s>butjust[a]look[like]amin[ing]senthimpracticallycatatonic.<s>[he]hadbeenmegan'splanwhenshegothim[out]earlier.<s>he'dseenthemovie[,]bymistake,consideringhewasalittleyoungforthepgcartoon,but[the]oldercous",
      "after": "<s>usually,hewouldbetearingaroundthelivingroom,playingwithhistoys.<s>butjust[to]look[was]amin[that]senthimpracticallycatatonic.<s>[it]hadbeenmegan'splanwhenshegothim[in]earlier.<s>he'dseenthemovie[was]bymistake,consideringhewasalittleyoungforthepgcartoon,but[her]oldercous",
      "masked_positions": 9,
      "correct_before": 2,
      "correct_after": 2
    },
    {
      "original": ".''<s>when_they_made_it_to_the_kitchen,meganpausedtocatchherbreath.<s>_she_onlyhadasecondbefore_her__mother__b_reezedinwithsean,and_her_young_est_brother,gavin.<s>feelinglike_she__was__once_againa_te__en_ager,shefiled_behind_herparents_as_theyheadedintothegarage.<s>``iwantto_drive_,",
      "before": ".''<s>when[she]made[her]tothekitchen,meganpausedtocatchherbreath.<s>sheonlyhadasecondbefore[the][was]breezedinwithsean,andheryoung[,]brother,gavin.<s>feelinglike[a]was[and]againa[little][w]ager,shefiled[with]herparentsastheyheadedintothegarage.<s>``iwantto[go],",
      "after": ".''<s>when[she]madeittothekitchen,meganpausedtocatchherbreath.<s>sheonlyhadasecondbefore[the][was]breezedinwithsean,andheryoungestbrother,gavin.<s>feelinglike[it]was[ed]againa[work][om]ager,shefiled[led]herparentsastheyheadedintothegarage.<s>``iwantto[go],",
      "masked_positions": 17,
      "correct_before": 6,
      "correct_after": 8
    }
  ]
}