{
  "unlearn_corpus": "wikipedia",
  "unlearn_steps": 10000,
  "base_results": {
    "bookcorpus": {
      "accuracy": 0.39370478983382207,
      "top5_accuracy": 0.599227761485826
    },
    "stackexchange": {
      "accuracy": 0.32072336265884654,
      "top5_accuracy": 0.5014760508308895
    },
    "ccnewsv2": {
      "accuracy": 0.28139784946236557,
      "top5_accuracy": 0.4587487781036168
    },
    "gutenberg": {
      "accuracy": 0.4253176930596285,
      "top5_accuracy": 0.6112023460410557
    },
    "hackernews": {
      "accuracy": 0.3306647116324536,
      "top5_accuracy": 0.5130303030303031
    },
    "openwebtext": {
      "accuracy": 0.2883186705767351,
      "top5_accuracy": 0.47544477028348
    },
    "pilecc": {
      "accuracy": 0.263822091886608,
      "top5_accuracy": 0.4514956011730205
    },
    "wikipedia": {
      "accuracy": 0.31623655913978493,
      "top5_accuracy": 0.4917106549364614
    }
  },
  "unlearned_results": {
    "bookcorpus": {
      "accuracy": 0.34378299120234607,
      "top5_accuracy": 0.5834310850439882
    },
    "stackexchange": {
      "accuracy": 0.0009481915933528837,
      "top5_accuracy": 0.0031085043988269795
    },
    "ccnewsv2": {
      "accuracy": 0.0020918866080156403,
      "top5_accuracy": 0.004887585532746823
    },
    "gutenberg": {
      "accuracy": 0.00021505376344086021,
      "top5_accuracy": 0.0007820136852394917
    },
    "hackernews": {
      "accuracy": 0.0029423264907135877,
      "top5_accuracy": 0.006011730205278593
    },
    "openwebtext": {
      "accuracy": 0.0014565004887585533,
      "top5_accuracy": 0.004711632453567938
    },
    "pilecc": {
      "accuracy": 0.001436950146627566,
      "top5_accuracy": 0.004838709677419355
    },
    "wikipedia": {
      "accuracy": 0.0003616813294232649,
      "top5_accuracy": 0.0014760508308895406
    }
  },
  "delta": {
    "bookcorpus": {
      "accuracy": -0.049921798631476,
      "top5_accuracy": -0.015796676441837798
    },
    "stackexchange": {
      "accuracy": -0.31977517106549364,
      "top5_accuracy": -0.49836754643206255
    },
    "ccnewsv2": {
      "accuracy": -0.27930596285434994,
      "top5_accuracy": -0.45386119257087
    },
    "gutenberg": {
      "accuracy": -0.42510263929618763,
      "top5_accuracy": -0.6104203323558163
    },
    "hackernews": {
      "accuracy": -0.32772238514174,
      "top5_accuracy": -0.5070185728250245
    },
    "openwebtext": {
      "accuracy": -0.28686217008797654,
      "top5_accuracy": -0.47073313782991205
    },
    "pilecc": {
      "accuracy": -0.2623851417399804,
      "top5_accuracy": -0.44665689149560117
    },
    "wikipedia": {
      "accuracy": -0.31587487781036167,
      "top5_accuracy": -0.49023460410557185
    }
  }
}