{
  "unlearn_corpus": "hackernews",
  "unlearn_steps": 10000,
  "base_results": {
    "bookcorpus": {
      "accuracy": 0.39370478983382207,
      "top5_accuracy": 0.599227761485826
    },
    "stackexchange": {
      "accuracy": 0.32072336265884654,
      "top5_accuracy": 0.5014760508308895
    },
    "ccnewsv2": {
      "accuracy": 0.28139784946236557,
      "top5_accuracy": 0.4587487781036168
    },
    "gutenberg": {
      "accuracy": 0.4253176930596285,
      "top5_accuracy": 0.6112023460410557
    },
    "hackernews": {
      "accuracy": 0.3306647116324536,
      "top5_accuracy": 0.5130303030303031
    },
    "openwebtext": {
      "accuracy": 0.2883186705767351,
      "top5_accuracy": 0.47544477028348
    },
    "pilecc": {
      "accuracy": 0.263822091886608,
      "top5_accuracy": 0.4514956011730205
    },
    "wikipedia": {
      "accuracy": 0.31623655913978493,
      "top5_accuracy": 0.4917106549364614
    }
  },
  "unlearned_results": {
    "bookcorpus": {
      "accuracy": 0.3418670576735093,
      "top5_accuracy": 0.5812414467253177
    },
    "stackexchange": {
      "accuracy": 0.00016617790811339198,
      "top5_accuracy": 0.0005278592375366569
    },
    "ccnewsv2": {
      "accuracy": 0.00026392961876832845,
      "top5_accuracy": 0.0009481915933528837
    },
    "gutenberg": {
      "accuracy": 0.00013685239491691105,
      "top5_accuracy": 0.000469208211143695
    },
    "hackernews": {
      "accuracy": 0.00021505376344086021,
      "top5_accuracy": 0.0007429130009775171
    },
    "openwebtext": {
      "accuracy": 0.00043010752688172043,
      "top5_accuracy": 0.0013587487781036168
    },
    "pilecc": {
      "accuracy": 0.0004887585532746823,
      "top5_accuracy": 0.0014760508308895406
    },
    "wikipedia": {
      "accuracy": 0.0003421309872922776,
      "top5_accuracy": 0.0009090909090909091
    }
  },
  "delta": {
    "bookcorpus": {
      "accuracy": -0.05183773216031279,
      "top5_accuracy": -0.01798631476050827
    },
    "stackexchange": {
      "accuracy": -0.32055718475073314,
      "top5_accuracy": -0.5009481915933529
    },
    "ccnewsv2": {
      "accuracy": -0.28113391984359726,
      "top5_accuracy": -0.4578005865102639
    },
    "gutenberg": {
      "accuracy": -0.4251808406647116,
      "top5_accuracy": -0.610733137829912
    },
    "hackernews": {
      "accuracy": -0.3304496578690127,
      "top5_accuracy": -0.5122873900293256
    },
    "openwebtext": {
      "accuracy": -0.2878885630498534,
      "top5_accuracy": -0.4740860215053764
    },
    "pilecc": {
      "accuracy": -0.2633333333333333,
      "top5_accuracy": -0.450019550342131
    },
    "wikipedia": {
      "accuracy": -0.31589442815249263,
      "top5_accuracy": -0.49080156402737046
    }
  }
}