{
  "unlearn_corpus": "gutenberg",
  "unlearn_steps": 10000,
  "base_results": {
    "bookcorpus": {
      "accuracy": 0.39370478983382207,
      "top5_accuracy": 0.599227761485826
    },
    "stackexchange": {
      "accuracy": 0.32072336265884654,
      "top5_accuracy": 0.5014760508308895
    },
    "ccnewsv2": {
      "accuracy": 0.28139784946236557,
      "top5_accuracy": 0.4587487781036168
    },
    "gutenberg": {
      "accuracy": 0.4253176930596285,
      "top5_accuracy": 0.6112023460410557
    },
    "hackernews": {
      "accuracy": 0.3306647116324536,
      "top5_accuracy": 0.5130303030303031
    },
    "openwebtext": {
      "accuracy": 0.2883186705767351,
      "top5_accuracy": 0.47544477028348
    },
    "pilecc": {
      "accuracy": 0.263822091886608,
      "top5_accuracy": 0.4514956011730205
    },
    "wikipedia": {
      "accuracy": 0.31623655913978493,
      "top5_accuracy": 0.4917106549364614
    }
  },
  "unlearned_results": {
    "bookcorpus": {
      "accuracy": 0.3359530791788856,
      "top5_accuracy": 0.582394916911046
    },
    "stackexchange": {
      "accuracy": 0.0012121212121212121,
      "top5_accuracy": 0.004340175953079179
    },
    "ccnewsv2": {
      "accuracy": 0.0053665689149560115,
      "top5_accuracy": 0.017546432062561096
    },
    "gutenberg": {
      "accuracy": 0.00019550342130987292,
      "top5_accuracy": 0.0006158357771260997
    },
    "hackernews": {
      "accuracy": 0.0013978494623655914,
      "top5_accuracy": 0.005913978494623656
    },
    "openwebtext": {
      "accuracy": 0.005034213098729228,
      "top5_accuracy": 0.015962854349951126
    },
    "pilecc": {
      "accuracy": 0.003479960899315738,
      "top5_accuracy": 0.014545454545454545
    },
    "wikipedia": {
      "accuracy": 0.0018084066471163245,
      "top5_accuracy": 0.007116324535679374
    }
  },
  "delta": {
    "bookcorpus": {
      "accuracy": -0.05775171065493645,
      "top5_accuracy": -0.01683284457478007
    },
    "stackexchange": {
      "accuracy": -0.3195112414467253,
      "top5_accuracy": -0.49713587487781036
    },
    "ccnewsv2": {
      "accuracy": -0.27603128054740955,
      "top5_accuracy": -0.4412023460410557
    },
    "gutenberg": {
      "accuracy": -0.42512218963831866,
      "top5_accuracy": -0.6105865102639296
    },
    "hackernews": {
      "accuracy": -0.329266862170088,
      "top5_accuracy": -0.5071163245356795
    },
    "openwebtext": {
      "accuracy": -0.2832844574780059,
      "top5_accuracy": -0.45948191593352883
    },
    "pilecc": {
      "accuracy": -0.26034213098729225,
      "top5_accuracy": -0.436950146627566
    },
    "wikipedia": {
      "accuracy": -0.3144281524926686,
      "top5_accuracy": -0.484594330400782
    }
  }
}